<dragonBones name="colorbars" frameRate="24" version="2.3">
  <armature name="BARS">
    <bone name="F">
      <transform x="1" y="1" skX="0" skY="0" scX="1" scY="1"/>
    </bone>
    <bone name="E">
      <transform x="1" y="1" skX="0" skY="0" scX="1" scY="1"/>
    </bone>
    <bone name="D">
      <transform x="1" y="1" skX="0" skY="0" scX="1" scY="1"/>
    </bone>
    <bone name="C">
      <transform x="1" y="1" skX="0" skY="0" scX="1" scY="1"/>
    </bone>
    <bone name="B">
      <transform x="1" y="1" skX="0" skY="0" scX="1" scY="1"/>
    </bone>
    <bone name="A">
      <transform x="1" y="1" skX="0" skY="0" scX="1" scY="1"/>
    </bone>
    <bone name="9">
      <transform x="1" y="1" skX="0" skY="0" scX="1" scY="1"/>
    </bone>
    <bone name="8">
      <transform x="1" y="1" skX="0" skY="0" scX="1" scY="1"/>
    </bone>
    <bone name="7">
      <transform x="1" y="1" skX="0" skY="0" scX="1" scY="1"/>
    </bone>
    <bone name="6">
      <transform x="1" y="1" skX="0" skY="0" scX="1" scY="1"/>
    </bone>
    <bone name="5">
      <transform x="1" y="1" skX="0" skY="0" scX="1" scY="1"/>
    </bone>
    <bone name="4">
      <transform x="1" y="1" skX="0" skY="0" scX="1" scY="1"/>
    </bone>
    <bone name="3">
      <transform x="1" y="1" skX="0" skY="0" scX="1" scY="1"/>
    </bone>
    <bone name="2">
      <transform x="1" y="1" skX="0" skY="0" scX="1" scY="1"/>
    </bone>
    <bone name="1">
      <transform x="1" y="1" skX="0" skY="0" scX="1" scY="1"/>
    </bone>
    <bone name="0">
      <transform x="1" y="1" skX="0" skY="0" scX="1" scY="1"/>
    </bone>
    <skin name="">
      <slot name="0" parent="0" z="0">
        <display name="mx/0" type="image">
          <transform x="-1" y="-1" skX="0" skY="0" scX="1" scY="1" pX="0" pY="0"/>
        </display>
      </slot>
      <slot name="1" parent="1" z="1">
        <display name="mx/1" type="image">
          <transform x="-1" y="-1" skX="0" skY="0" scX="1" scY="1" pX="0" pY="0"/>
        </display>
      </slot>
      <slot name="2" parent="2" z="2">
        <display name="mx/2" type="image">
          <transform x="-1" y="-1" skX="0" skY="0" scX="1" scY="1" pX="0" pY="0"/>
        </display>
      </slot>
      <slot name="3" parent="3" z="3">
        <display name="mx/3" type="image">
          <transform x="-1" y="-1" skX="0" skY="0" scX="1" scY="1" pX="0" pY="0"/>
        </display>
      </slot>
      <slot name="4" parent="4" z="4">
        <display name="mx/4" type="image">
          <transform x="-1" y="-1" skX="0" skY="0" scX="1" scY="1" pX="0" pY="0"/>
        </display>
      </slot>
      <slot name="5" parent="5" z="5">
        <display name="mx/5" type="image">
          <transform x="-1" y="-1" skX="0" skY="0" scX="1" scY="1" pX="0" pY="0"/>
        </display>
      </slot>
      <slot name="6" parent="6" z="6">
        <display name="mx/6" type="image">
          <transform x="-1" y="-1" skX="0" skY="0" scX="1" scY="1" pX="0" pY="0"/>
        </display>
      </slot>
      <slot name="7" parent="7" z="7">
        <display name="mx/7" type="image">
          <transform x="-1" y="-1" skX="0" skY="0" scX="1" scY="1" pX="0" pY="0"/>
        </display>
      </slot>
      <slot name="8" parent="8" z="8">
        <display name="mx/8" type="image">
          <transform x="-1" y="-1" skX="0" skY="0" scX="1" scY="1" pX="0" pY="0"/>
        </display>
      </slot>
      <slot name="9" parent="9" z="9">
        <display name="mx/9" type="image">
          <transform x="-1" y="-1" skX="0" skY="0" scX="1" scY="1" pX="0" pY="0"/>
        </display>
      </slot>
      <slot name="A" parent="A" z="10">
        <display name="mx/A" type="image">
          <transform x="-1" y="-1" skX="0" skY="0" scX="1" scY="1" pX="0" pY="0"/>
        </display>
      </slot>
      <slot name="B" parent="B" z="11">
        <display name="mx/B" type="image">
          <transform x="-1" y="-1" skX="0" skY="0" scX="1" scY="1" pX="0" pY="0"/>
        </display>
      </slot>
      <slot name="C" parent="C" z="12">
        <display name="mx/C" type="image">
          <transform x="-1" y="-1" skX="0" skY="0" scX="1" scY="1" pX="0" pY="0"/>
        </display>
      </slot>
      <slot name="D" parent="D" z="13">
        <display name="mx/D" type="image">
          <transform x="-1" y="-1" skX="0" skY="0" scX="1" scY="1" pX="0" pY="0"/>
        </display>
      </slot>
      <slot name="E" parent="E" z="14">
        <display name="mx/E" type="image">
          <transform x="-1" y="-1" skX="0" skY="0" scX="1" scY="1" pX="0" pY="0"/>
        </display>
      </slot>
      <slot name="F" parent="F" z="15">
        <display name="mx/F" type="image">
          <transform x="-1" y="-1" skX="0" skY="0" scX="1" scY="1" pX="0" pY="0"/>
        </display>
      </slot>
    </skin>
    <animation name="s" fadeInTime="0" duration="1" scale="0.5" loop="0" tweenEasing="NaN">
      <timeline name="0" scale="1" offset="0">
        <frame z="0" duration="1">
          <transform x="1" y="1" skX="0" skY="0" scX="1" scY="1" pX="0" pY="0"/>
        </frame>
      </timeline>
      <timeline name="1" scale="1" offset="0">
        <frame z="1" duration="1">
          <transform x="1" y="1" skX="0" skY="0" scX="1" scY="1" pX="0" pY="0"/>
        </frame>
      </timeline>
      <timeline name="2" scale="1" offset="0">
        <frame z="2" duration="1">
          <transform x="1" y="1" skX="0" skY="0" scX="1" scY="1" pX="0" pY="0"/>
        </frame>
      </timeline>
      <timeline name="3" scale="1" offset="0">
        <frame z="3" duration="1">
          <transform x="1" y="1" skX="0" skY="0" scX="1" scY="1" pX="0" pY="0"/>
        </frame>
      </timeline>
      <timeline name="4" scale="1" offset="0">
        <frame z="4" duration="1">
          <transform x="1" y="1" skX="0" skY="0" scX="1" scY="1" pX="0" pY="0"/>
        </frame>
      </timeline>
      <timeline name="5" scale="1" offset="0">
        <frame z="5" duration="1">
          <transform x="1" y="1" skX="0" skY="0" scX="1" scY="1" pX="0" pY="0"/>
        </frame>
      </timeline>
      <timeline name="6" scale="1" offset="0">
        <frame z="6" duration="1">
          <transform x="1" y="1" skX="0" skY="0" scX="1" scY="1" pX="0" pY="0"/>
        </frame>
      </timeline>
      <timeline name="7" scale="1" offset="0">
        <frame z="7" duration="1">
          <transform x="1" y="1" skX="0" skY="0" scX="1" scY="1" pX="0" pY="0"/>
        </frame>
      </timeline>
      <timeline name="8" scale="1" offset="0">
        <frame z="8" duration="1">
          <transform x="1" y="1" skX="0" skY="0" scX="1" scY="1" pX="0" pY="0"/>
        </frame>
      </timeline>
      <timeline name="9" scale="1" offset="0">
        <frame z="9" duration="1">
          <transform x="1" y="1" skX="0" skY="0" scX="1" scY="1" pX="0" pY="0"/>
        </frame>
      </timeline>
      <timeline name="A" scale="1" offset="0">
        <frame z="10" duration="1">
          <transform x="1" y="1" skX="0" skY="0" scX="1" scY="1" pX="0" pY="0"/>
        </frame>
      </timeline>
      <timeline name="B" scale="1" offset="0">
        <frame z="11" duration="1">
          <transform x="1" y="1" skX="0" skY="0" scX="1" scY="1" pX="0" pY="0"/>
        </frame>
      </timeline>
      <timeline name="C" scale="1" offset="0">
        <frame z="12" duration="1">
          <transform x="1" y="1" skX="0" skY="0" scX="1" scY="1" pX="0" pY="0"/>
        </frame>
      </timeline>
      <timeline name="D" scale="1" offset="0">
        <frame z="13" duration="1">
          <transform x="1" y="1" skX="0" skY="0" scX="1" scY="1" pX="0" pY="0"/>
        </frame>
      </timeline>
      <timeline name="E" scale="1" offset="0">
        <frame z="14" duration="1">
          <transform x="1" y="1" skX="0" skY="0" scX="1" scY="1" pX="0" pY="0"/>
        </frame>
      </timeline>
      <timeline name="F" scale="1" offset="0">
        <frame z="15" duration="1">
          <transform x="1" y="1" skX="0" skY="0" scX="1" scY="1" pX="0" pY="0"/>
        </frame>
      </timeline>
    </animation>
  </armature>
</dragonBones>